Titre,Date,url,Domicile,Adversaire,Buts_R,Buts_V,Buts_OM,Buts_Adversaire,Résultat
"Bâle-OM (1-2), La Canebière académie est bien dedans",2022-03-18,https://horsjeu.net/france/lelite/la-canebiere-academie/bale-om-1-2-la-canebiere-academie-est-bien-dedans/,False,Bâle,1,2,2,1,Victoire
"OM-Nice (2-1), La Canebière académie atteint un palier",2022-03-21,https://horsjeu.net/france/lelite/la-canebiere-academie/om-nice-2-1-la-canebiere-academie-atteint-un-palier/,True,Nice,2,1,2,1,Victoire
"Brest-OM (1-4), La Canebière académie empoche",2022-03-14,https://horsjeu.net/france/lelite/la-canebiere-academie/brest-om-1-4-la-canebiere-academie-empoche/,False,Brest,1,4,4,1,Victoire
"OM-Clermont (0-2), La Canebière académie se décourage",2022-02-21,https://horsjeu.net/france/lelite/la-canebiere-academie/om-clermont-0-2-la-canebiere-academie-se-decourage/,True,Clermont,0,2,0,2,Défaite
Qarabag-OM (0-3) : La Canebière Académie dégoûte,2022-02-27,https://horsjeu.net/france/lelite/la-canebiere-academie/qarabag-om-0-3-la-canebiere-academie-degoute/,False,Qarabag,0,3,3,0,Victoire
"Troyes-OM (1-1), La Canebière académie a peur de la peur",2022-02-28,https://horsjeu.net/france/lelite/la-canebiere-academie/troyes-om-1-1-la-canebiere-academie-a-peur-de-la-peur/,False,Troyes,1,1,1,1,Nul
"OM-Monaco (0-1), La Canebière académie se laisse glisser",2022-03-07,https://horsjeu.net/france/lelite/la-canebiere-academie/om-monaco-0-1-la-canebiere-academie-se-laisse-glisser/,True,Monaco,0,1,0,1,Défaite
"OM-Bâle (2-1), La Canebière académie arrose",2022-03-11,https://horsjeu.net/france/lelite/la-canebiere-academie/om-bale-2-1-la-canebiere-academie-arrose/,True,Bâle,2,1,2,1,Victoire
"Lyon-OM (2-1), La Canebière académie ne tient pas la distance",2022-02-02,https://horsjeu.net/france/lelite/la-canebiere-academie/lyon-om-2-1-la-canebiere-academie-ne-tient-pas-la-distance/,False,Lyon,2,1,1,2,Défaite
"OM-Angers (5-2), La Canebière académie se remet en selle",2022-02-05,https://horsjeu.net/france/lelite/la-canebiere-academie/om-angers-5-2-la-canebiere-academie-se-remet-en-selle/,True,Angers,5,2,5,2,Victoire
"Nice-OM (4-1), La Canebière académie est constante dans la déception",2022-02-10,https://horsjeu.net/france/lelite/la-canebiere-academie/nice-om-4-1-la-canebiere-academie-est-constante-dans-la-deception/,False,Nice,4,1,1,4,Défaite
"Metz-OM (1-2), La Canebière académie ne comprend pas tout mais fait son travail",2022-02-14,https://horsjeu.net/france/lelite/la-canebiere-academie/metz-om-1-2-la-canebiere-academie-ne-comprend-pas-tout-mais-fait-son-travail/,False,Metz,1,2,2,1,Victoire
"OM-Qarabag (3-1), La Canebière académie fait le travail",2022-02-18,https://horsjeu.net/france/lelite/la-canebiere-academie/om-qarabag-3-1-la-canebiere-academie-fait-le-travail/,True,Qarabag,3,1,3,1,Victoire
"Chauvigny-OM (0-3), La Canebière académie a fini de plaisanter",2022-01-03,https://horsjeu.net/france/lelite/la-canebiere-academie/chauvigny-om-0-3-la-canebiere-academie-a-fini-de-plaisanter/,False,Chauvigny,0,3,3,0,Victoire
"Bordeaux-OM (0-1), La Canebière académie passe à autre chose",2022-01-08,https://horsjeu.net/france/lelite/la-canebiere-academie/bordeaux-om-0-1-la-canebiere-academie-passe-a-autre-chose/,False,Bordeaux,0,1,1,0,Victoire
"OM-Lille (1-1), La Canebière académie se lasse",2022-01-17,https://horsjeu.net/france/lelite/la-canebiere-academie/om-lille-1-1-la-canebiere-academie-se-lasse/,True,Lille,1,1,1,1,Nul
"Lens-OM (0-2), La Canebière académie convainc",2022-01-23,https://horsjeu.net/france/lelite/la-canebiere-academie/lens-om-0-2-la-canebiere-academie-convainc/,False,Lens,0,2,2,0,Victoire
"OM-Montpellier (1-1, 5-4 t.a.b), La Canebière académie commémore",2022-01-30,https://horsjeu.net/france/lelite/la-canebiere-academie/om-montpellier-1-1-5-4-t-a-b-la-canebiere-academie-commemore/,True,Montpellier,1,1,1,1,Nul
"OM-Brest (1-2), La Canebière académie manque d’efficacité",2021-12-05,https://horsjeu.net/france/lelite/la-canebiere-academie/om-brest-1-2-la-canebiere-academie-manque-defficacite/,True,Brest,1,2,1,2,Défaite
"OM-Lokomotiv Moscou (1-0), La Canebière académie doit travailler son Yi",2021-12-10,https://horsjeu.net/france/lelite/la-canebiere-academie/om-lokomotiv-moscou-1-0-la-canebiere-academie-doit-travailler-son-yi/,True,Lokomotiv Moscou,1,0,1,0,Victoire
"Strasbourg-OM (0-2), La Canebière académie a fini de plaisanter",2021-12-13,https://horsjeu.net/france/lelite/la-canebiere-academie/strasbourg-om-0-2-la-canebiere-academie-a-fini-de-plaisanter/,False,Strasbourg,0,2,2,0,Victoire
"OM-Cannet-Rocheville (4-1), La Canebière académie ne gâche pas les fêtes",2021-12-19,https://horsjeu.net/france/lelite/la-canebiere-academie/om-cannet-rocheville-4-1-la-canebiere-academie-ne-gache-pas-les-fetes/,True,Cannet-Rocheville,4,1,4,1,Victoire
"OM-Reims (1-1), La Canebière académie s’émerveille",2021-12-23,https://horsjeu.net/france/lelite/la-canebiere-academie/om-reims-1-1-la-canebiere-academie-semerveille/,True,Reims,1,1,1,1,Nul
"OM-Metz (0-0), La Canebière académie perd patience",2021-11-08,https://horsjeu.net/france/lelite/la-canebiere-academie/om-metz-0-0-la-canebiere-academie-perd-patience/,True,Metz,0,0,0,0,Nul
"Galatasaray-OM (4-2), La Canebière académie sombre",2021-11-26,https://horsjeu.net/france/lelite/la-canebiere-academie/galatasaray-om-4-2-la-canebiere-academie-sombre/,False,Galatasaray,4,2,2,4,Défaite
"OM-Troyes (1-0), La Canebière académie repousse la crise",2021-11-29,https://horsjeu.net/france/lelite/la-canebiere-academie/om-troyes-1-0-la-canebiere-academie-repousse-la-crise/,True,Troyes,1,0,1,0,Victoire
"Nantes-OM (0-1), La Canebière académie, ambiance pas lourde",2021-12-02,https://horsjeu.net/france/lelite/la-canebiere-academie/nantes-om-0-1-la-canebiere-academie-ambiance-pas-lourde/,False,Nantes,0,1,1,0,Victoire
"Lazio-OM (0-0), La Canebière académie fait barrage",2021-10-21,https://horsjeu.net/france/lelite/la-canebiere-academie/lazio-om-0-0-la-canebiere-academie-fait-barrage/,False,Lazio,0,0,0,0,Nul
"OM-PSG (0-0), La Canebière académie a des regrets",2021-10-25,https://horsjeu.net/france/lelite/la-canebiere-academie/om-psg-0-0-la-canebiere-academie-a-des-regrets/,True,PSG,0,0,0,0,Nul
"Nice-OM (1-1), La Canebière académie manque d’ambition",2021-10-28,https://horsjeu.net/france/lelite/la-canebiere-academie/nice-om-1-1-la-canebiere-academie-manque-dambition/,False,Nice,1,1,1,1,Nul
"Clermont-OM (0-1), La Canebière académie pousse la citrouille",2021-11-01,https://horsjeu.net/france/lelite/la-canebiere-academie/clermont-om-0-1-la-canebiere-academie-pousse-la-citrouille/,False,Clermont,0,1,1,0,Victoire
"OM-Lazio (2-2), La Canebière académie est sur un fil",2021-11-05,https://horsjeu.net/france/lelite/la-canebiere-academie/om-lazio-2-2-la-canebiere-academie-est-sur-un-fil/,True,Lazio,2,2,2,2,Nul
"Angers-OM (0-0), La Canebière académie en mode dégradé",2021-09-23,https://horsjeu.net/france/lelite/la-canebiere-academie/angers-om-0-0-la-canebiere-academie-en-mode-degrade/,False,Angers,0,0,0,0,Nul
"OM-Lens (2-3), La Canebière académie tombe",2021-09-27,https://horsjeu.net/france/lelite/la-canebiere-academie/om-lens-2-3-la-canebiere-academie-tombe/,True,Lens,2,3,2,3,Défaite
"OM-Galatasaray (0-0), La Canebière académie tricote",2021-10-01,https://horsjeu.net/uncategorized/om-galatasaray-0-0-la-canebiere-academie-tricote/,True,Galatasaray,0,0,0,0,Nul
"Lille-OM (2-0), La Canebière académie régresse",2021-10-04,https://horsjeu.net/france/lelite/la-canebiere-academie/lille-om-2-0-la-canebiere-academie-regresse/,False,Lille,2,0,0,2,Défaite
"OM-Lorient (4-1), La Canebière académie joue baroque",2021-10-18,https://horsjeu.net/france/lelite/la-canebiere-academie/om-lorient-4-1-la-canebiere-academie-joue-baroque/,True,Lorient,4,1,4,1,Victoire
"OM-Saint-Étienne (3-1), La Canebière académie se lâche",2021-08-29,https://horsjeu.net/france/lelite/la-canebiere-academie/om-saint-etienne-3-1-la-canebiere-academie-se-lache/,True,Saint-Étienne,3,1,3,1,Victoire
"Monaco-OM (0-2), La Canebière académie en démonstration",2021-09-12,https://horsjeu.net/france/lelite/la-canebiere-academie/monaco-om-0-2-la-canebiere-academie-en-demonstration/,False,Monaco,0,2,2,0,Victoire
"Lokomotiv Moscou-OM (1-1), La Canebière académie enrage",2021-09-17,https://horsjeu.net/france/lelite/la-canebiere-academie/lokomotiv-moscou-om-1-1-la-canebiere-academie-enrage/,False,Lokomotiv Moscou,1,1,1,1,Nul
"OM-Rennes (2-0), La Canebière académie n’allait pas se caguer dessus contre Guingamp",2021-09-20,https://horsjeu.net/france/lelite/la-canebiere-academie/om-rennes-2-0-la-canebiere-academie-nallait-pas-se-caguer-dessus-contre-guingamp/,True,Rennes,2,0,2,0,Victoire
Metz-OM (1-1) : la Canebière Académie fait ses adieux,2021-05-24,https://horsjeu.net/france/lelite/la-canebiere-academie/metz-om-1-1-la-canebiere-academie-fait-ses-adieux/,False,Metz,1,1,1,1,Nul
"Montpellier-OM (2-3), La Canebière académie est renversante",2021-08-09,https://horsjeu.net/france/lelite/la-canebiere-academie/montpellier-om-2-3-la-canebiere-academie-est-renversante/,False,Montpellier,2,3,3,2,Victoire
"OM-Bordeaux (2-2), La Canebière académie a failli plonger",2021-08-16,https://horsjeu.net/france/lelite/la-canebiere-academie/om-bordeaux-2-2-la-canebiere-academie-a-failli-plonger/,True,Bordeaux,2,2,2,2,Nul
"OM-Lorient (3-2), La Canebière académie est lente à la comprenette",2021-04-18,https://horsjeu.net/france/lelite/la-canebiere-academie/om-lorient-3-2-la-canebiere-academie-est-lente-a-la-comprenette/,True,Lorient,3,2,3,2,Victoire
"Reims-OM (1-3), La Canebière académie trouve sa place",2021-04-24,https://horsjeu.net/france/lelite/la-canebiere-academie/reims-om-1-3-la-canebiere-academie-trouve-sa-place/,False,Reims,1,3,3,1,Victoire
"OM-Strasbourg (1-1), La Canebière académie s’effrite",2021-05-01,https://horsjeu.net/france/lelite/la-canebiere-academie/om-strasbourg-1-1-la-canebiere-academie-seffrite/,True,Strasbourg,1,1,1,1,Nul
"Saint-Étienne-OM (1-0), La Canebière académie se morfond",2021-05-10,https://horsjeu.net/france/lelite/la-canebiere-academie/saint-etienne-om-1-0-la-canebiere-academie-se-morfond/,False,Saint-Étienne,1,0,0,1,Défaite
"OM-Angers (3-2), La Canebière académie sauve les meubles",2021-05-17,https://horsjeu.net/france/lelite/la-canebiere-academie/om-angers-3-2-la-canebiere-academie-sauve-les-meubles/,True,Angers,3,2,3,2,Victoire
"OM-Rennes (1-0), La Canebière académie repart du bon pied",2021-03-11,https://horsjeu.net/france/lelite/la-canebiere-academie/om-rennes-1-0-la-canebiere-academie-repart-du-bon-pied/,True,Rennes,1,0,1,0,Victoire
"OM-Brest (3-1), La Canebière académie prend la vie du bon côté",2021-03-14,https://horsjeu.net/france/lelite/la-canebiere-academie/om-brest-3-1-la-canebiere-academie-prend-la-vie-du-bon-cote/,True,Brest,3,1,3,1,Victoire
"Nice-OM (3-0), La Canebière académie perd le fil",2021-03-21,https://horsjeu.net/france/lelite/la-canebiere-academie/nice-om-3-0-la-canebiere-academie-perd-le-fil/,False,Nice,3,0,0,3,Défaite
"OM-Dijon (2-0), La Canebière académie ne se presse pas",2021-04-05,https://horsjeu.net/france/lelite/la-canebiere-academie/om-dijon-2-0-la-canebiere-academie-ne-se-presse-pas/,True,Dijon,2,0,2,0,Victoire
"Montpellier-OM (3-3), La Canebière académie foisonne",2021-04-11,https://horsjeu.net/france/lelite/la-canebiere-academie/montpellier-om-3-3-la-canebiere-academie-foisonne/,False,Montpellier,3,3,3,3,Nul
"OM-Nice (3-2), La Canebière académie boycotte",2021-02-18,https://horsjeu.net/france/lelite/la-canebiere-academie/om-nice-3-2-la-canebiere-academie-boycotte/,True,Nice,3,2,3,2,Victoire
"Nantes-OM (1-1), La Canebière académie déconolise",2021-02-20,https://horsjeu.net/france/lelite/la-canebiere-academie/nantes-om-1-1-la-canebiere-academie-deconolise/,False,Nantes,1,1,1,1,Nul
"OM-Lyon (1-1), La Canebière académie réagit",2021-03-02,https://horsjeu.net/france/lelite/la-canebiere-academie/om-lyon-1-1-la-canebiere-academie-reagit/,True,Lyon,1,1,1,1,Nul
"Lille-OM (2-0), La Canebière académie laisse passer",2021-03-04,https://horsjeu.net/france/lelite/la-canebiere-academie/lille-om-2-0-la-canebiere-academie-laisse-passer/,False,Lille,2,0,0,2,Défaite
"Canet-en-Roussillon-OM (2-1), La Canebière académie est écœurée",2021-03-08,https://horsjeu.net/france/lelite/la-canebiere-academie/canet-en-roussillon-om-2-1-la-canebiere-academie-est-ecoeuree/,False,Canet-en-Roussillon,2,1,1,2,Défaite
Monaco-OM (3-1) : la Canebière Académie a fait le deuil,2021-01-24,https://horsjeu.net/france/lelite/la-canebiere-academie/monaco-om-3-1-la-canebiere-academie-a-fait-le-deuil/,False,Monaco,3,1,1,3,Défaite
"Lens-OM (2-2), La Canebière académie aime l’odeur du napalm au petit matin",2021-02-04,https://horsjeu.net/france/lelite/la-canebiere-academie/lens-om-2-2-la-canebiere-academie-aime-lodeur-du-napalm-au-petit-matin/,False,Lens,2,2,2,2,Nul
"OM-PSG (0-2), La Canebière académie a le bourdon",2021-02-08,https://horsjeu.net/france/lelite/la-canebiere-academie/om-psg-0-2-la-canebiere-academie-a-le-bourdon/,True,PSG,0,2,0,2,Défaite
"Auxerre-OM (0-2), La Canebière académie se réchauffe",2021-02-11,https://horsjeu.net/france/lelite/la-canebiere-academie/auxerre-om-0-2-la-canebiere-academie-se-rechauffe/,False,Auxerre,0,2,2,0,Victoire
"Bordeaux-OM (0-0), La Canebière académie arrache",2021-02-15,https://horsjeu.net/france/lelite/la-canebiere-academie/bordeaux-om-0-0-la-canebiere-academie-arrache/,False,Bordeaux,0,0,0,0,Nul
OM-Montpellier (3-1) : la Canebière Académie est finalement contente d’y retourner,2021-01-07,https://horsjeu.net/france/lelite/la-canebiere-academie/om-montpellier-3-1-la-canebiere-academie-est-finalement-contente-dy-retourner/,True,Montpellier,3,1,3,1,Victoire
Dijon-OM (0-0) : La Canebière Académie regarde tomber la neige.,2021-01-10,https://horsjeu.net/france/lelite/la-canebiere-academie/dijon-om-0-0-la-canebiere-academie-regarde-tomber-la-neige/,False,Dijon,0,0,0,0,Nul
"PSG-OM (2-1), La Canebière académie les a bien embêtés",2021-01-14,https://horsjeu.net/france/lelite/la-canebiere-academie/psg-om-2-1-la-canebiere-academie-les-a-bien-embetes/,False,PSG,2,1,1,2,Défaite
OM-Nîmes (1-2) : la Canebière Académie cherche la sortie,2021-01-17,https://horsjeu.net/france/lelite/la-canebiere-academie/om-nimes-1-2-la-canebiere-academie-cherche-la-sortie/,True,Nîmes,1,2,1,2,Défaite
"OM-Lens (0-1), La Canebière académie est dégueulasse",2021-01-21,https://horsjeu.net/france/lelite/la-canebiere-academie/om-lens-1-0-la-canebiere-academie-est-degueulasse/,True,Lens,0,1,0,1,Défaite
"Manchester City-OM (3-0), La Canebière académie s’y prend trop tard",2020-12-10,https://horsjeu.net/france/lelite/la-canebiere-academie/manchester-city-om-3-0-la-canebiere-academie-sy-prend-trop-tard/,False,Manchester City,3,0,0,3,Défaite
"OM-Monaco (2-1), La Canebière académie reprend les affaires courantes",2020-12-13,https://horsjeu.net/france/lelite/la-canebiere-academie/om-monaco-2-1-la-canebiere-academie-reprend-les-affaires-courantes/,True,Monaco,2,1,2,1,Victoire
"Rennes-OM (2-1), La Canebière académie connaît un coup de put… un coup d’arrêt",2020-12-17,https://horsjeu.net/france/lelite/la-canebiere-academie/rennes-om-2-1-la-canebiere-academie-connait-un-coup-de-put-un-coup-darret/,False,Rennes,2,1,1,2,Défaite
"OM-Reims (1-1), La Canebière académie a besoin de vacances",2020-12-20,https://horsjeu.net/france/lelite/la-canebiere-academie/om-reims-1-1-la-canebiere-academie-a-besoin-de-vacances/,True,Reims,1,1,1,1,Nul
Angers-OM (2-1) : la Canebière Académie n’avait pas commandé ça,2020-12-24,https://horsjeu.net/france/lelite/la-canebiere-academie/angers-om-2-1-la-canebiere-academie-navait-pas-commande-ca/,False,Angers,2,1,1,2,Défaite
"Strasbourg-OM (0-1), La Canebière académie soigne la finition",2020-11-07,https://horsjeu.net/france/lelite/la-canebiere-academie/strasbourg-om-0-1-la-canebiere-academie-soigne-la-finition/,False,Strasbourg,0,1,1,0,Victoire
"OM-Porto (0-2), La Canebière académie réclame la mort du football dans la dignité",2020-11-26,https://horsjeu.net/france/lelite/la-canebiere-academie/om-porto-0-1-la-canebiere-academie-reclame-la-mort-du-football-dans-la-dignite/,True,Porto,0,2,0,2,Défaite
"OM-Nantes (3-1), La Canebière académie a vu un match normal",2020-11-29,https://horsjeu.net/france/lelite/la-canebiere-academie/om-nantes-3-1-la-canebiere-academie-a-vu-un-match-normal/,True,Nantes,3,1,3,1,Victoire
"OM-Olympiakos (2-1), La Canebière académie tire en biais",2020-12-02,https://horsjeu.net/france/lelite/la-canebiere-academie/om-olympiakos-2-1-la-canebiere-academie-tire-en-biais/,True,Olympiakos,2,1,2,1,Victoire
"Nîmes-OM (0-2), La Canebière académie dîne chez l’habitant",2020-12-05,https://horsjeu.net/france/lelite/la-canebiere-academie/nimes-om-0-2-la-canebiere-academie-dine-chez-lhabitant/,False,Nîmes,0,2,2,0,Victoire
"OM-Bordeaux (3-1), La Canebière académie plus forte que le néant",2020-10-18,https://horsjeu.net/france/lelite/la-canebiere-academie/om-bordeaux-3-1-la-canebiere-academie-plus-forte-que-le-neant/,True,Bordeaux,3,1,3,1,Victoire
"Olympiakos-OM (1-0), La Canebière académie se saborde",2020-10-22,https://horsjeu.net/france/lelite/la-canebiere-academie/olympiakos-om-1-0-la-canebiere-academie-se-saborde/,False,Olympiakos,1,0,0,1,Défaite
Lorient-OM (0-1) : la Canebière Académie relance les dés,2020-10-25,https://horsjeu.net/france/lelite/la-canebiere-academie/lorient-om-0-1-la-canebiere-academie-relance-les-des/,False,Lorient,0,1,1,0,Victoire
"OM-Manchester City (0-3), La Canebière académie ne fait pas le poids",2020-10-28,https://horsjeu.net/france/lelite/la-canebiere-academie/om-manchester-city-0-3-la-canebiere-academie-ne-fait-pas-le-poids/,True,Manchester City,0,3,0,3,Défaite
"Porto-OM (3-0), La Canebière académie lâche l’affaire",2020-11-04,https://horsjeu.net/france/lelite/la-canebiere-academie/porto-om-3-0-la-canebiere-academie-lache-laffaire/,False,Porto,3,0,0,3,Défaite
"PSG-OM (0-1), La Canebière académie la joue à l’ancienne",2020-09-14,https://horsjeu.net/france/lelite/la-canebiere-academie/psg-om-0-1-la-canebiere-academie-la-joue-a-lancienne/,False,PSG,0,1,1,0,Victoire
"OM-Saint-Étienne (0-2), La Canebière académie ne respecte pas l’histoire",2020-09-18,https://horsjeu.net/france/lelite/la-canebiere-academie/om-saint-etienne-0-2-la-canebiere-academie-ne-respecte-pas-lhistoire/,True,Saint-Étienne,0,2,0,2,Défaite
"OM-Lille (1-1), La Canebière académie demande pardon au football.",2020-09-21,https://horsjeu.net/france/lelite/la-canebiere-academie/om-lille-1-1-la-canebiere-academie-demande-pardon-au-football/,True,Lille,1,1,1,1,Nul
"OM-Metz (1-1), La Canebière académie est dans sa bulle.",2020-09-27,https://horsjeu.net/france/lelite/la-canebiere-academie/om-metz-1-1-la-canebiere-academie-est-dans-sa-bulle/,True,Metz,1,1,1,1,Nul
"Lyon-OM (1-1), La Canebière académie n’aime que la souffrance",2020-10-05,https://horsjeu.net/france/lelite/la-canebiere-academie/lyon-om-1-1-la-canebiere-academie-naime-que-la-souffrance/,False,Lyon,1,1,1,1,Nul
Nîmes-OM (2-3) : La Canebière Académie se ressaisit,2020-02-29,https://horsjeu.net/france/lelite/la-canebiere-academie/nimes-om-2-3-la-canebiere-academie-se-ressaisit/,False,Nîmes,2,3,3,2,Victoire
OM-Amiens (2-2) : La Canebière Académie se fait punir,2020-03-07,https://horsjeu.net/france/lelite/la-canebiere-academie/om-amiens-2-2-la-canebiere-academie-se-fait-punir/,True,Amiens,2,2,2,2,Nul
"Montpellier-OM (1-2), La Canebière académie fait comme si de rien n’était",2020-03-14,https://horsjeu.net/france/lelite/la-canebiere-academie/montpellier-om-1-2-la-canebiere-academie-fait-comme-si-de-rien-netait/,False,Montpellier,1,2,2,1,Victoire
"Brest-OM (2-3), La Canebière académie vous retrouve comme on s’était quittés",2020-08-31,https://horsjeu.net/france/lelite/la-canebiere-academie/brest-om-2-3-la-canebiere-academie-vous-retrouve-comme-on-setait-quittes/,False,Brest,2,3,3,2,Victoire
Saint-Etienne-OM (0-2) : La Canebière Académie maintient l’ordre,2020-02-06,https://horsjeu.net/france/lelite/la-canebiere-academie/saint-etienne-om-0-2-la-canebiere-academie-maintient-lordre/,False,Saint-Etienne,0,2,2,0,Victoire
OM-Toulouse (1-0) : La Canebière Académie fait (encore) l’Elibauptère,2020-02-09,https://horsjeu.net/france/lelite/la-canebiere-academie/om-toulouse-1-0-la-canebiere-academie-fait-encore-lelibauptere/,True,Toulouse,1,0,1,0,Victoire
Lyon-OM (1-0) : La Canebière Académie se met la tête dans le cul,2020-02-13,https://horsjeu.net/france/lelite/la-canebiere-academie/lyon-om-1-0-la-canebiere-academie-tire-la-langue/,False,Lyon,1,0,0,1,Défaite
Lille-OM (1-2) : La Canebière Académie empoche le jackpot,2020-02-17,https://horsjeu.net/france/lelite/la-canebiere-academie/lille-om-1-2-la-canebiere-academie-empoche-le-jackpot/,False,Lille,1,2,2,1,Victoire
OM-Nantes (1-3) : La Canebière Académie dérape,2020-02-23,https://horsjeu.net/france/lelite/la-canebiere-academie/om-nantes-1-3-la-canebiere-academie-derape/,True,Nantes,1,3,1,3,Défaite
Rennes-OM (0-1) : La Canebière Académie capitalise,2020-01-11,https://horsjeu.net/france/lelite/la-canebiere-academie/rennes-om-0-1-la-canebiere-academie-capitalise/,False,Rennes,0,1,1,0,Victoire
Granville-OM (0-3) : La Canebière Académie évacue,2020-01-18,https://horsjeu.net/france/lelite/la-canebiere-academie/granville-om-0-3-la-canebiere-academie-evacue/,False,Granville,0,3,3,0,Victoire
OM-Angers (0-0) : La Canebière Académie est confinée,2020-01-26,https://horsjeu.net/france/lelite/la-canebiere-academie/om-angers-0-0-la-canebiere-academie-est-confinee/,True,Angers,0,0,0,0,Nul
OM-Strasbourg (3-1) : La Canebière Académie ne châtie pas bien,2020-01-30,https://horsjeu.net/france/lelite/la-canebiere-academie/om-strasbourg-3-1-la-canebiere-academie-ne-chatie-pas-bien/,True,Strasbourg,3,1,3,1,Victoire
Bordeaux-OM (0-0) : La Canebière Académie ferme boutique,2020-02-03,https://horsjeu.net/france/lelite/la-canebiere-academie/bordeaux-om-0-0-la-canebiere-academie-ferme-boutique/,False,Bordeaux,0,0,0,0,Nul
Angers-OM (0-2) : La Canebière Académie ne pardonne pas,2019-12-04,https://horsjeu.net/france/lelite/la-canebiere-academie/angers-om-0-2-la-canebiere-academie-ne-pardonne-pas/,False,Angers,0,2,2,0,Victoire
OM-Bordeaux (3-1) : La Canebière Académie concasse,2019-12-09,https://horsjeu.net/france/lelite/la-canebiere-academie/om-bordeaux-3-1-la-canebiere-academie-concasse/,True,Bordeaux,3,1,3,1,Victoire
Metz-OM (1-1) : La Canebière Académie laisse des plumes,2019-12-15,https://horsjeu.net/france/lelite/la-canebiere-academie/metz-om-1-1-la-canebiere-academie-laisse-des-plumes/,False,Metz,1,1,1,1,Nul
OM-Nîmes (3-1) : La Canebière Académie dresse la table,2019-12-22,https://horsjeu.net/france/lelite/la-canebiere-academie/om-nimes-3-1-la-canebiere-academie-dresse-la-table/,True,Nîmes,3,1,3,1,Victoire
"Trélissac-OM (1-1, 2-4 t.a.b) : La Canebière évite le ridicule",2020-01-06,https://horsjeu.net/france/lelite/la-canebiere-academie/trelissac-om-1-1-2-4-t-a-b-la-canebiere-evite-le-ridicule/,False,Trélissac,1,1,1,1,Nul
Monaco-OM (2-1) : La Canebière Académie ne voudrait pas s’éterniser,2019-10-31,https://horsjeu.net/france/lelite/la-canebiere-academie/monaco-om-2-1-la-canebiere-academie-ne-voudrait-pas-seterniser/,False,Monaco,2,1,1,2,Défaite
OM-Lille (2-1) : La Canebière Académie se ressaisit,2019-11-03,https://horsjeu.net/france/lelite/la-canebiere-academie/om-lille-2-1-la-canebiere-academie-se-ressaisit/,True,Lille,2,1,2,1,Victoire
"OM-Lyon (2-1), La Canebière académie efface l’ardoise",2019-11-11,https://horsjeu.net/france/lelite/la-canebiere-academie/om-lyon-2-1-la-canebiere-academie-efface-lardoise/,True,Lyon,2,1,2,1,Victoire
"Toulouse-OM (0-2), La Canebière académie comme chez elle",2019-11-25,https://horsjeu.net/france/lelite/la-canebiere-academie/toulouse-om-0-2-la-canebiere-academie-comme-chez-elle/,False,Toulouse,0,2,2,0,Victoire
OM-Brest (2-1) : La Canebière Académie prend la confiance,2019-11-30,https://horsjeu.net/france/lelite/la-canebiere-academie/om-brest-2-1-la-canebiere-academie-prend-la-confiance/,True,Brest,2,1,2,1,Victoire
"Dijon-OM (0-0), La Canebière académie subit",2019-09-25,https://horsjeu.net/france/lelite/la-canebiere-academie/dijon-om-0-0-la-canebiere-academie-subit/,False,Dijon,0,0,0,0,Nul
"OM-Rennes (1-1), La Canebière académie tâtonne",2019-09-30,https://horsjeu.net/france/lelite/la-canebiere-academie/om-rennes-1-1-la-canebiere-academie-tatonne/,True,Rennes,1,1,1,1,Nul
"Amiens-OM (3-1), La Canebière académie aligne dix bougies",2019-10-05,https://horsjeu.net/france/lelite/la-canebiere-academie/amiens-om-3-1-la-canebiere-academie-aligne-dix-bougies/,False,Amiens,3,1,1,3,Défaite
"OM-Strasbourg (2-0), La Canebière académie prend de l’élan",2019-10-21,https://horsjeu.net/france/lelite/la-canebiere-academie/om-strasbourg-2-0-la-canebiere-academie-prend-de-lelan/,True,Strasbourg,2,0,2,0,Victoire
"PSG-OM (4-0), La Canebière académie dédramatise",2019-10-28,https://horsjeu.net/france/lelite/la-canebiere-academie/psg-om-4-0-la-canebiere-academie-dedramatise/,False,PSG,4,0,0,4,Défaite
Nantes-OM (0-0) : la Canebière Académie pèche dans la finition,2019-08-18,https://horsjeu.net/france/lelite/la-canebiere-academie/nantes-om-0-0-la-canebiere-academie-peche-dans-la-finition/,False,Nantes,0,0,0,0,Nul
"Nice-OM (1-2), La  Canebière académie la joue fine",2019-08-29,https://horsjeu.net/france/lelite/la-canebiere-academie/nice-om-1-2-la-canebiere-academie-la-joue-fine/,False,Nice,1,2,2,1,Victoire
"OM-Saint-Étienne (1-0), La Canebière académie revient aux fondamentaux",2019-09-02,https://horsjeu.net/france/lelite/la-canebiere-academie/om-saint-etienne-1-0-la-canebiere-academie-revient-aux-fondamentaux/,True,Saint-Étienne,1,0,1,0,Victoire
"Monaco-OM (3-4), La Canebière académie se souvient des belles choses",2019-09-16,https://horsjeu.net/france/lelite/la-canebiere-academie/monaco-om-3-4-la-canebiere-academie-se-souvient-des-belles-choses/,False,Monaco,3,4,4,3,Victoire
"OM-MHSC (1-1), La Canebière académie s’agace",2019-09-22,https://horsjeu.net/france/lelite/la-canebiere-academie/om-mhsc-1-1-la-canebiere-academie-sagace/,True,MHSC,1,1,1,1,Nul
"Strasbourg-OM (1-1), La Canebière Académie achève sa monstrueuse parade",2019-05-04,https://horsjeu.net/france/lelite/la-canebiere-academie/strasbourg-om-1-1-la-canebiere-academie-acheve-sa-monstrueuse-parade/,False,Strasbourg,1,1,1,1,Nul
"OM-Lyon (0-3), La Canebière Académie fait du team building",2019-05-13,https://horsjeu.net/france/lelite/la-canebiere-academie/om-lyon-0-3-la-canebiere-academie-fait-du-team-building/,True,Lyon,0,3,0,3,Défaite
"Toulouse-OM (2-5), La Canebière Académie se délivre",2019-05-19,https://horsjeu.net/france/lelite/la-canebiere-academie/toulouse-om-2-5-la-canebiere-academie-se-delivre/,False,Toulouse,2,5,5,2,Victoire
"OM-Montpellier (1-0), La Canebière Académie fête la quille",2019-05-27,https://horsjeu.net/france/lelite/la-canebiere-academie/om-montpellier-1-0-la-canebiere-academie-fete-la-quille/,True,Montpellier,1,0,1,0,Victoire
OM-Reims (0-2) : La Canebière Académie est revancharde,2019-08-11,https://horsjeu.net/france/lelite/la-canebiere-academie/om-reims-0-2-la-canebiere-academie-est-revancharde/,True,Reims,0,2,0,2,Défaite
"OM-Angers (2-2), La Canebière académie ne se donne plus d’espoir",2019-03-31,https://horsjeu.net/france/lelite/la-canebiere-academie/om-angers-2-2-la-canebiere-academie-ne-se-donne-plus-despoir/,True,Angers,2,2,2,2,Nul
"Bordeaux-OM (2-0), La Canebière Académie raccompagne vers la sortie",2019-04-06,https://horsjeu.net/france/lelite/la-canebiere-academie/bordeaux-om-2-0-la-canebiere-academie-raccompagne-vers-la-sortie/,False,Bordeaux,2,0,0,2,Défaite
"OM-Nîmes (2-1), La Canebière Académie se fait des frayeurs",2019-04-14,https://horsjeu.net/france/lelite/la-canebiere-academie/om-nimes-2-0-la-canebiere-academie-se-fait-des-frayeurs/,True,Nîmes,2,1,2,1,Victoire
"Guingamp-OM (1-3), La Canebière Académie fait l’éloge de la médiocrité",2019-04-21,https://horsjeu.net/france/lelite/la-canebiere-academie/guingamp-om-1-3-la-canebiere-academie-fait-leloge-de-la-mediocrite/,False,Guingamp,1,3,3,1,Victoire
"OM-Nantes (1-2), La Canebière Académie est dans le turfu",2019-04-29,https://horsjeu.net/france/lelite/la-canebiere-academie/om-nantes-1-2-la-canebiere-academie-est-dans-le-turfu/,True,Nantes,1,2,1,2,Défaite
"OM-Amiens (2-0), La Canebière académie a fait le tour de la question",2019-02-17,https://horsjeu.net/france/lelite/la-canebiere-academie/om-amiens-2-0-la-canebiere-academie-a-fait-le-tour-de-la-question/,True,Amiens,2,0,2,0,Victoire
"Rennes-OM (1-1), La Canebière académie ferme la parenthèse",2019-02-25,https://horsjeu.net/france/lelite/la-canebiere-academie/rennes-om-1-1-la-canebiere-academie-ferme-la-parenthese/,False,Rennes,1,1,1,1,Nul
"OM-Saint-Étienne (2-0), La Canebière académie convainc",2019-03-04,https://horsjeu.net/france/lelite/la-canebiere-academie/om-saint-etienne-2-0-la-canebiere-academie-convainc/,True,Saint-Étienne,2,0,2,0,Victoire
"OM-Nice (1-0), La Canebière académie va au mastic",2019-03-11,https://horsjeu.net/france/lelite/la-canebiere-academie/om-nice-1-0-la-canebiere-academie-va-au-mastic/,True,Nice,1,0,1,0,Victoire
"PSG-OM (3-1), La Canebière académie donne sa vertu",2019-03-18,https://horsjeu.net/france/lelite/la-canebiere-academie/psg-om-3-1-la-canebiere-academie-donne-sa-vertu/,False,PSG,3,1,1,3,Défaite
"Caen-OM (0-1), La Canebière académie impose ses limites",2019-01-21,https://horsjeu.net/france/lelite/la-canebiere-academie/caen-om-0-1-la-canebiere-academie-impose-ses-limites/,False,Caen,0,1,1,0,Victoire
"OM-Lille (1-2), La Canebière académie éclate",2019-01-26,https://horsjeu.net/france/lelite/la-canebiere-academie/om-lille-1-2-la-canebiere-academie-eclate/,True,Lille,1,2,1,2,Défaite
"Reims-OM (2-1), La Canebière académie replonge",2019-02-03,https://horsjeu.net/france/lelite/la-canebiere-academie/reims-om-2-1-la-canebiere-academie-replonge/,False,Reims,2,1,1,2,Défaite
"OM-Bordeaux (1-0), La Canebière académie humilie des infirmes",2019-02-06,https://horsjeu.net/france/lelite/la-canebiere-academie/om-bordeaux-1-0-la-canebiere-academie-humilie-des-infirmes/,True,Bordeaux,1,0,1,0,Victoire
"Dijon-OM(1-2), La Canebière académie rétablit la logique",2019-02-09,https://horsjeu.net/france/lelite/la-canebiere-academie/dijon-om1-2-la-canebiere-academie-retablit-la-logique/,False,Dijon,1,2,2,1,Victoire
"OM-Strasbourg (1-1, 2-4 t.a.b), La Canebière académie boycotte",2018-12-20,https://horsjeu.net/france/lelite/la-canebiere-academie/om-strasbourg-1-1-2-4-t-a-b-la-canebiere-academie-boycotte/,True,Strasbourg,1,1,1,1,Nul
"Angers-OM (1-1), La Canebière académie passera Noël au chaud",2018-12-23,https://horsjeu.net/france/lelite/la-canebiere-academie/angers-om-1-1-la-canebiere-academie-passera-noel-au-chaud/,False,Angers,1,1,1,1,Nul
"Association sportive forézienne Andrézieux-Bouthéon – OM (2-0), La Canebière académie écrit l’histoire",2019-01-07,https://horsjeu.net/france/lelite/la-canebiere-academie/association-sportive-forezienne-andrezieux-boutheon-om-2-0-la-canebiere-academie-ecrit-lhistoire/,False,Association sportive forézienne Andrézieux-Bouthéon,2,0,0,2,Défaite
"OM-Monaco (1-1), La Canebière académie fait ce qu’elle peut",2019-01-14,https://horsjeu.net/france/lelite/la-canebiere-academie/om-monaco-1-1-la-canebiere-academie-fait-ce-quelle-peut/,True,Monaco,1,1,1,1,Nul
"Saint-Étienne-OM (2-1), La Canebière académie doit arrêter de forez.",2019-01-17,https://horsjeu.net/france/lelite/la-canebiere-academie/saint-etienne-om-2-1-la-canebiere-academie-doit-arreter-de-forez/,False,Saint-Étienne,2,1,1,2,Défaite
"Amiens-OM (1-3), La Canebière académie évite le blocage",2018-11-26,https://horsjeu.net/france/lelite/la-canebiere-academie/amiens-om-1-3-la-canebiere-academie-evite-le-blocage/,False,Amiens,1,3,3,1,Victoire
"Francfort-OM (4-0), La Canebière académie est humiliée",2018-11-30,https://horsjeu.net/france/lelite/la-canebiere-academie/francfort-om-4-0-la-canebiere-academie-est-humiliee/,False,Francfort,4,0,0,4,Défaite
"OM-Reims (0-0), La Canebière académie rumine",2018-12-03,https://horsjeu.net/france/lelite/la-canebiere-academie/om-reims-0-0-la-canebiere-academie-rumine/,True,Reims,0,0,0,0,Nul
"Nantes-OM (3-2), La Canebière académie tempère l’euphorie",2018-12-06,https://horsjeu.net/france/lelite/la-canebiere-academie/nantes-om-3-2-la-canebiere-academie-tempere-leuphorie/,False,Nantes,3,2,2,3,Défaite
"OM-Apollon Limassol (1-3), La Canebière académie boude",2018-12-14,https://horsjeu.net/france/lelite/la-canebiere-academie/om-apollon-limassol-1-3-la-canebiere-academie-boude/,True,Apollon Limassol,1,3,1,3,Défaite
"OM-Lazio (1-3), La Canebière académie revit des heures sombres",2018-10-26,https://horsjeu.net/france/lelite/la-canebiere-academie/om-lazio-1-3-la-canebiere-academie-revit-des-heures-sombres/,True,Lazio,1,3,1,3,Défaite
OM-PSG (0-2) : La Canebière académie prolonge,2018-10-29,https://horsjeu.net/france/lelite/la-canebiere-academie/om-psg-0-2-la-canebiere-academie-prolonge/,True,PSG,0,2,0,2,Défaite
"Montpellier-OM (3-0), La Canebière académie entend des sifflets",2018-11-05,https://horsjeu.net/france/lelite/la-canebiere-academie/montpellier-om-3-0-la-canebiere-academie-entend-des-sifflets/,False,Montpellier,3,0,0,3,Défaite
"Lazio-OM (2-1), La Canebière académie sort sans faire de bruit",2018-11-09,https://horsjeu.net/france/lelite/la-canebiere-academie/lazio-om-2-1-la-canebiere-academie-sort-sans-faire-de-bruit/,False,Lazio,2,1,1,2,Défaite
"OM-Dijon (2-0), La Canebière académie met un terme au massacre",2018-11-12,https://horsjeu.net/france/lelite/la-canebiere-academie/om-dijon-2-0-la-canebiere-academie-met-un-terme-au-massacre/,True,Dijon,2,0,2,0,Victoire
"OM-Strasbourg (3-2), La Canebière académie ne fera pas de vieux os",2018-09-27,https://horsjeu.net/france/lelite/la-canebiere-academie/om-strasbourg-3-2-la-canebiere-academie-ne-fera-pas-de-vieux-os/,True,Strasbourg,3,2,3,2,Victoire
"Lille-OM (3-0), La Canebière académie explose",2018-10-01,https://horsjeu.net/france/lelite/la-canebiere-academie/lille-om-3-0-la-canebiere-academie-explose/,False,Lille,3,0,0,3,Défaite
"Apollon Limassol – OM (2-2), La Canebière académie s’étiole",2018-10-05,https://horsjeu.net/france/lelite/la-canebiere-academie/apollon-limassol-om-2-2-la-canebiere-academie-setiole/,False,Apollon Limassol,2,2,2,2,Nul
"OM-Caen (2-0), La Canebière académie se change les idées",2018-10-08,https://horsjeu.net/france/lelite/la-canebiere-academie/om-caen-2-0-la-canebiere-academie-se-change-les-idees/,True,Caen,2,0,2,0,Victoire
"Nice-OM (0-1), La Canebière académie, ou « le bonheur est dans le laid »",2018-10-22,https://horsjeu.net/france/lelite/la-canebiere-academie/nice-om-0-1-la-canebiere-academie-ou-le-bonheur-est-dans-le-laid/,False,Nice,0,1,1,0,Victoire
"OM-Rennes (2-2), La Canebière académie limite la casse",2018-08-27,https://horsjeu.net/france/lelite/la-canebiere-academie/om-rennes-2-2-la-canebiere-academie-limite-la-casse/,True,Rennes,2,2,2,2,Nul
"Monaco-OM (2-3), La Canebière académie a failli attendre",2018-09-03,https://horsjeu.net/france/lelite/la-canebiere-academie/monaco-om-2-3-la-canebiere-academie-a-failli-attendre/,False,Monaco,2,3,3,2,Victoire
"OM-Guingamp (4-0), La Canebière académie déroule",2018-09-17,https://horsjeu.net/france/lelite/la-canebiere-academie/om-guingamp-4-0-la-canebiere-academie-deroule/,True,Guingamp,4,0,4,0,Victoire
"OM-Francfort (1-2), La Canebière académie fait des cadeaux",2018-09-21,https://horsjeu.net/france/lelite/la-canebiere-academie/om-francfort-1-2-la-canebiere-academie-fait-des-cadeaux/,True,Francfort,1,2,1,2,Défaite
"Lyon-OM (4-2), La Canebière académie conserve ses repères",2018-09-24,https://horsjeu.net/france/lelite/la-canebiere-academie/lyon-om-4-2-la-canebiere-academie-conserve-ses-reperes/,False,Lyon,4,2,2,4,Défaite
"OM-Atlético (0-3), La Canebière académie prend date",2018-05-17,https://horsjeu.net/france/lelite/la-canebiere-academie/om-atletico-0-3-la-canebiere-academie-prend-date/,True,Atlético,0,3,0,3,Défaite
"OM-Amiens (2-1), La Canebière académie clôt",2018-05-20,https://horsjeu.net/france/lelite/la-canebiere-academie/om-amiens-2-1-la-canebiere-academie-clot/,True,Amiens,2,1,2,1,Victoire
"OM-Toulouse (4-0), La Canebière académie ne commet pas de faux départ",2018-08-11,https://horsjeu.net/france/lelite/la-canebiere-academie/om-toulouse-4-0-la-canebiere-academie-ne-commet-pas-de-faux-depart/,True,Toulouse,4,0,4,0,Victoire
"Nîmes-OM (3-1), La Canebière académie gâche ses vacances",2018-08-20,https://horsjeu.net/france/lelite/la-canebiere-academie/nimes-om-3-1-la-canebiere-academie-gache-ses-vacances/,False,Nîmes,3,1,1,3,Défaite
OM-Salzburg (2-0) : La Canebière Académie fait un grand pas,2018-04-27,https://horsjeu.net/france/lelite/la-canebiere-academie/om-salzburg-2-0-la-canebiere-academie-fait-un-grand-pas/,True,Salzburg,2,0,2,0,Victoire
"Angers-OM (1-1), La Canebière académie garde le podium Anjou",2018-04-30,https://horsjeu.net/france/lelite/la-canebiere-academie/angers-om-1-1-la-canebiere-academie-garde-le-podium-anjou/,False,Angers,1,1,1,1,Nul
"Salzburg-OM (2-1 a.p.), La Canebière académie gagne le droit de rêver",2018-05-04,https://horsjeu.net/france/lelite/la-canebiere-academie/salzburg-om-2-1-a-p-la-canebiere-academie-gagne-le-droit-de-rever/,False,Salzburg,2,1,1,2,Défaite
"OM-Nice (2-1), La Canebière académie est increvable",2018-05-07,https://horsjeu.net/france/lelite/la-canebiere-academie/om-nice-2-1-la-canebiere-academie-est-increvable/,True,Nice,2,1,2,1,Victoire
"Guingamp-OM (3-3), La Canebière académie souffre mais reste en vie",2018-05-12,https://horsjeu.net/france/lelite/la-canebiere-academie/guingamp-om-3-3-la-canebiere-academie-souffre-mais-reste-en-vie/,False,Guingamp,3,3,3,3,Nul
"Leipzig-OM (1-0), La Canebière académie maintient le suspense",2018-04-06,https://horsjeu.net/france/lelite/la-canebiere-academie/leipzig-om-1-0-la-canebiere-academie-maintient-le-suspense/,False,Leipzig,1,0,0,1,Défaite
"OM-Montpellier (0-0), La Canebière académie décroche",2018-04-09,https://horsjeu.net/france/lelite/la-canebiere-academie/om-montpellier-0-0-la-canebiere-academie-decroche/,True,Montpellier,0,0,0,0,Nul
"OM-Leipzig (5-2), La Canebière académie fonde",2018-04-13,https://horsjeu.net/france/lelite/la-canebiere-academie/om-leipzig-5-2-la-canebiere-academie-fonde/,True,Leipzig,5,2,5,2,Victoire
"Troyes-OM (2-3), La Canebière académie est tenace",2018-04-16,https://horsjeu.net/france/lelite/la-canebiere-academie/troyes-om-2-3-la-canebiere-academie-est-tenace/,False,Troyes,2,3,3,2,Victoire
"OM-Lille (5-1), La Canebière académie est légèrement au-dessus des moyennes saisonnières",2018-04-22,https://horsjeu.net/france/lelite/la-canebiere-academie/om-lille-5-1-la-canebiere-academie-est-legerement-au-dessus-des-moyennes-saisonnieres/,True,Lille,5,1,5,1,Victoire
OM-Bilbao (3-1) : La Canebière académie se met au niveau,2018-03-09,https://horsjeu.net/france/lelite/la-canebiere-academie/om-bilbao-3-1-la-canebiere-academie-se-met-au-niveau/,True,Bilbao,3,1,3,1,Victoire
"Toulouse-OM (1-2), la Canebière académitroglou",2018-03-12,https://horsjeu.net/france/lelite/la-canebiere-academie/toulouse-om-1-2-la-canebiere-academitroglou/,False,Toulouse,1,2,2,1,Victoire
"Bilbao-OM (1-2), La Canebière académie est solide",2018-03-16,https://horsjeu.net/france/lelite/la-canebiere-academie/bilbao-om-1-2-la-canebiere-academie-est-solide/,False,Bilbao,1,2,2,1,Victoire
"OM-Lyon (2-3), La Canebière académie fait la truie",2018-03-19,https://horsjeu.net/france/lelite/la-canebiere-academie/om-lyon-2-3-la-canebiere-academie-fait-la-truie/,True,Lyon,2,3,2,3,Défaite
"Dijon-OM (1-3), La Canebière académie repart du bon pied",2018-04-01,https://horsjeu.net/france/lelite/la-canebiere-academie/dijon-om-1-3-la-canebiere-academie-repart-du-bon-pied/,False,Dijon,1,3,3,1,Victoire
"OM-Bordeaux (1-0), La Canebière académie creuse l’écart",2018-02-19,https://horsjeu.net/france/lelite/la-canebiere-academie/om-bordeaux-1-0-canebiere-academie-creuse-lecart/,True,Bordeaux,1,0,1,0,Victoire
"Braga-OM (1-0), La Canebière académie souffre et souffle",2018-02-23,https://horsjeu.net/france/lelite/la-canebiere-academie/braga-om-1-0-canebiere-academie-souffre-souffle/,False,Braga,1,0,0,1,Défaite
"PSG-OM (3-0), La Canebière académie se résigne (pour l’instant)",2018-02-26,https://horsjeu.net/france/lelite/la-canebiere-academie/psg-om-3-0-canebiere-academie-se-resigne-linstant/,False,PSG,3,0,0,3,Défaite
"PSG-OM (3-0), La Canebière académie se victimise",2018-03-01,https://horsjeu.net/france/lelite/la-canebiere-academie/psg-om-3-0-canebiere-academie-se-victimise/,False,PSG,3,0,0,3,Défaite
"OM-Nantes(1-1), La Canebière académie use d’expédients",2018-03-05,https://horsjeu.net/france/lelite/la-canebiere-academie/om-nantes1-1-canebiere-academie-use-dexpedients/,True,Nantes,1,1,1,1,Nul
"OM-Monaco (2-2), La Canebière académie n’est pas plus avancée",2018-01-29,https://horsjeu.net/france/lelite/la-canebiere-academie/om-monaco-2-2-canebiere-academie-nest-plus-avancee/,True,Monaco,2,2,2,2,Nul
"OM-Metz (6-3), La Canebière académie régale",2018-02-03,https://horsjeu.net/france/lelite/la-canebiere-academie/om-metz-6-3-canebiere-academie-regale/,True,Metz,6,3,6,3,Victoire
"Bourpe-OM (0-9), La Canebière académie bourre en Bresse",2018-02-07,https://horsjeu.net/france/lelite/la-canebiere-academie/bourpe-om-0-9-canebiere-academie-bourre-bresse/,False,Bourpe,0,9,9,0,Victoire
"Saint-Etienne-OM (2-2), La Canebière académie est freinée",2018-02-10,https://horsjeu.net/france/lelite/la-canebiere-academie/saint-etienne-om-2-2-canebiere-academie-freinee/,False,Saint-Etienne,2,2,2,2,Nul
"OM-Braga (3-0), La Canebière académie déboîte dans la sérénité",2018-02-16,https://horsjeu.net/france/lelite/la-canebiere-academie/om-braga-3-0-canebiere-academie-deboite-serenite/,True,Braga,3,0,3,0,Victoire
"OM-Valenciennes (1-0 a.p), La Canebière académie décuve",2018-01-08,https://horsjeu.net/france/lelite/la-canebiere-academie/om-valenciennes-1-0-a-p-canebiere-academie-decuve/,True,Valenciennes,1,0,1,0,Victoire
"Rennes-OM (0-3), La Canebière académie prend sa revanche",2018-01-14,https://horsjeu.net/france/lelite/la-canebiere-academie/rennes-om-0-3-canebiere-academie-prend-revanche/,False,Rennes,0,3,3,0,Victoire
"OM-Strasbourg (2-0), La Canebière académie a du caractère",2018-01-17,https://horsjeu.net/france/lelite/la-canebiere-academie/om-strasbourg-2-0-canebiere-academie-a-caractere/,True,Strasbourg,2,0,2,0,Victoire
"Caen-OM (0-2), La Canebière académie est solide",2018-01-20,https://horsjeu.net/france/lelite/la-canebiere-academie/caen-om-0-2-canebiere-academie-solide/,False,Caen,0,2,2,0,Victoire
"Epinal-OM (0-2), La Canebière académie n’est pas là pour faire rire",2018-01-24,https://horsjeu.net/france/lelite/la-canebiere-academie/epinal-om-0-2-canebiere-academie-nest-faire-rire/,False,Epinal,0,2,2,0,Victoire
"OM-Salzburg (0-0), La Canebière académie retient l’ennui",2017-12-08,https://horsjeu.net/france/lelite/la-canebiere-academie/om-salzburg-0-0-canebiere-academie-retient-lennui/,True,Salzburg,0,0,0,0,Nul
"OM-Saint-Etienne (3-0), La Canebière académie aplanit les obstacles",2017-12-11,https://horsjeu.net/france/lelite/la-canebiere-academie/om-saint-etienne-3-0-canebiere-academie-aplanit/,True,Saint-Etienne,3,0,3,0,Victoire
"Rennes-OM (2-2 ; 4-3 t.a.b), La Canebière académie extrapole",2017-12-14,https://horsjeu.net/france/lelite/la-canebiere-academie/rennes-om-2-2-4-3-t-a-b-canebiere-academie-extrapole/,False,Rennes,2,2,2,2,Nul
"Lyon-OM (2-0), La Canebière académie ne passe pas le palier.",2017-12-18,https://horsjeu.net/france/lelite/la-canebiere-academie/lyon-om-2-0-canebiere-academie-ne-passe-palier/,False,Lyon,2,0,0,2,Défaite
"OM-Troyes (3-1), La Canebière académie ne gâche pas les fêtes",2017-12-21,https://horsjeu.net/france/lelite/la-canebiere-academie/om-troyes-3-1-canebiere-academie-ne-gache-fetes/,True,Troyes,3,1,3,1,Victoire
"Bordeaux-OM (1-1), La Canebière académie s’en sort",2017-11-20,https://horsjeu.net/france/lelite/la-canebiere-academie/bordeaux-om-1-1-canebiere-academie-sen-sort/,False,Bordeaux,1,1,1,1,Nul
"Konyasport-OM (1-1), La Canebière académie ballotte",2017-11-24,https://horsjeu.net/france/lelite/la-canebiere-academie/konyasport-om-1-1-canebiere-academie-ballotte/,False,Konyasport,1,1,1,1,Nul
"OM-Guingamp (1-0), La Canebière académie n’approfondit pas",2017-11-27,https://horsjeu.net/france/lelite/la-canebiere-academie/om-guingamp-1-0-canebiere-academie-napprofondit/,True,Guingamp,1,0,1,0,Victoire
"Metz-OM (0-3), La Canebière académie se hisse",2017-11-30,https://horsjeu.net/france/lelite/la-canebiere-academie/metz-om-guingamp-0-3-canebiere-academie-se-hisse/,False,Metz,0,3,3,0,Victoire
"Montpellier-OM (1-1), La Canebière académie verglace",2017-12-04,https://horsjeu.net/france/lelite/la-canebiere-academie/montpellier-om-1-1-canebiere-academie-verglace/,False,Montpellier,1,1,1,1,Nul
"OM- Vitoria Guimares (2-1), La Canebière académie prépare",2017-10-20,https://horsjeu.net/france/lelite/la-canebiere-academie/om-vitoria-guimares-2-1-canebiere-academie-prepare/,True,Vitoria Guimares,2,1,2,1,Victoire
OM-PSG (2-2) : La Canebière académie se demande pourquoi tant de cruauté,2017-10-23,https://horsjeu.net/france/lelite/la-canebiere-academie/om-psg-2-2-canebiere-academie-se-demande-tant-de-cruaute/,True,PSG,2,2,2,2,Nul
"Lille-OM (0-1), La Canebière académie se relâche",2017-10-30,https://horsjeu.net/france/lelite/la-canebiere-academie/lille-om-0-1-canebiere-academie-se-relache/,False,Lille,0,1,1,0,Victoire
"Vitoria Guimares-OM (1-0), La Canebière académie fête ses morts",2017-11-03,https://horsjeu.net/france/lelite/la-canebiere-academie/vitoria-guimares-om-1-0-canebiere-academie-fete-morts/,False,Vitoria Guimares,1,0,0,1,Défaite
"OM-Caen (5-0), La Canebière académie fesse",2017-11-06,https://horsjeu.net/france/lelite/la-canebiere-academie/om-caen-5-0-canebiere-academie-fesse/,True,Caen,5,0,5,0,Victoire
"Amiens-OM (0-2), La Canebière académie évacue",2017-09-17,https://horsjeu.net/france/lelite/la-canebiere-academie/amiens-om-0-2-canebiere-academie-evacue/,False,Amiens,0,2,2,0,Victoire
"OM-Toulouse (2-0), La Canebière académie déroule",2017-09-25,https://horsjeu.net/france/lelite/la-canebiere-academie/om-toulouse-2-0-canebiere-academie-deroule/,True,Toulouse,2,0,2,0,Victoire
"Salzbourg-OM (1-0), La Canebière académie n’Autriche pas avec ses lecteurs",2017-09-28,https://horsjeu.net/france/lelite/la-canebiere-academie/salzbourg-om-1-0-canebiere-academie-nautriche-lecteurs/,False,Salzbourg,1,0,0,1,Défaite
"Nice-OM (2-4), La Canebière académie aime.",2017-10-02,https://horsjeu.net/france/lelite/la-canebiere-academie/nice-om-2-4-canebiere-academie-aime/,False,Nice,2,4,4,2,Victoire
"Strasbourg-OM (3-3), La Canebière académie est imprévisible",2017-10-16,https://horsjeu.net/france/lelite/la-canebiere-academie/strasbourg-om-3-3-canebiere-academie-imprevisible/,False,Strasbourg,3,3,3,3,Nul
OM-Domzale (3-0) : La Canebière académie remplit l’objectif,2017-08-26,https://horsjeu.net/france/lelite/la-canebiere-academie/om-domzale-3-0-canebiere-academie-remplit-lobjectif/,True,Domzale,3,0,3,0,Victoire
Monaco-OM (6-1) : La Canebière académie croyait ce temps révolu.,2017-08-28,https://horsjeu.net/france/lelite/la-canebiere-academie/monaco-om-6-1-canebiere-academie-croyait-temps-revolu/,False,Monaco,6,1,1,6,Défaite
"OM-Rennes (1-3), La Canebière académie tempête",2017-09-11,https://horsjeu.net/france/lelite/la-canebiere-academie/om-rennes-1-3-la-canebiere-academie-menace/,True,Rennes,1,3,1,3,Défaite
"OM-Konyaspor (1-0), La Canebière académie pense positif",2017-09-15,https://horsjeu.net/france/lelite/la-canebiere-academie/om-konyaspor-1-0-canebiere-academie-pense-positif/,True,Konyaspor,1,0,1,0,Victoire
Ostende-OM (0-0) : La Canebière académie s’extirpe,2017-08-04,https://horsjeu.net/france/lelite/la-canebiere-academie/ostende-om-0-0-canebiere-academie-sextirpe/,False,Ostende,0,0,0,0,Nul
"OM-Dijon (3-0), La Canebière académie trouve son rythme",2017-08-07,https://horsjeu.net/france/lelite/la-canebiere-academie/om-dijon-3-0-canebiere-academie-trouve-rythme/,True,Dijon,3,0,3,0,Victoire
Nantes-OM (0-1) : La Canebière académie engrange,2017-08-13,https://horsjeu.net/france/lelite/la-canebiere-academie/nantes-om-0-1-canebiere-academie-engrange/,False,Nantes,0,1,1,0,Victoire
Domzale-OM (1-1) : La Canebière académie ballotte,2017-08-18,https://horsjeu.net/france/lelite/la-canebiere-academie/domzale-om-1-1-canebiere-academie-ballotte/,False,Domzale,1,1,1,1,Nul
OM-Angers (1-1) : La Canebière académie ne regarde pas en arrière dans Angers,2017-08-21,https://horsjeu.net/france/lelite/la-canebiere-academie/om-angers-1-1-canebiere-academie-ne-regarde-arriere-angers/,True,Angers,1,1,1,1,Nul
"OM-Bastia (1-0), La Canebière académie se décrispe",2017-05-21,https://horsjeu.net/france/lelite/la-canebiere-academie/om-bastia-1-0-canebiere-academie-se-decrispe/,True,Bastia,1,0,1,0,Victoire
OM-Ostende (4-2) : La Canebière académie se place en risque sévère d’enflammade,2017-07-28,https://horsjeu.net/france/lelite/la-canebiere-academie/om-ostende-4-2-canebiere-academie-se-place-risque-severe-denflammade/,True,Ostende,4,2,4,2,Victoire
"OM-ASSE (4-0), La Canebière académie sonne",2017-04-17,https://horsjeu.net/france/lelite/la-canebiere-academie/om-asse-4-0-canebiere-academie-sonne/,True,ASSE,4,0,4,0,Victoire
"Nancy-OM (0-0), La Canebière académie a vu la bête immonde",2017-04-23,https://horsjeu.net/france/lelite/la-canebiere-academie/nancy-om-0-0-canebiere-academie-a-bete-immonde/,False,Nancy,0,0,0,0,Nul
"Caen-OM (1-5), La Canebière académie transperce",2017-05-01,https://horsjeu.net/france/lelite/la-canebiere-academie/caen-om-1-5-canebiere-academie-transperce/,False,Caen,1,5,5,1,Victoire
"OM-Nice (2-1), La Canebière académie célèbre",2017-05-09,https://horsjeu.net/france/lelite/la-canebiere-academie/om-nice-2-1-canebiere-academie-celebre/,True,Nice,2,1,2,1,Victoire
"Bordeaux-OM (1-1), La Canebière académie est quitte",2017-05-16,https://horsjeu.net/france/lelite/la-canebiere-academie/bordeaux-om-1-1-canebiere-academie-quitte/,False,Bordeaux,1,1,1,1,Nul
"Lorient-OM (1-4), La Canebière académie corrige",2017-03-06,https://horsjeu.net/france/lelite/la-canebiere-academie/lorient-om-1-4-canebiere-academie-corrige/,False,Lorient,1,4,4,1,Victoire
"OM-Angers (3-0), La Canebière académie est remontée",2017-03-12,https://horsjeu.net/france/lelite/la-canebiere-academie/om-angers-3-0-canebiere-academie-remontee/,True,Angers,3,0,3,0,Victoire
"Lille-OM (0-0), La Canebière académie est ambitieuse",2017-03-19,https://horsjeu.net/france/lelite/la-canebiere-academie/lille-om-0-0-canebiere-academie-ambitieuse/,False,Lille,0,0,0,0,Nul
"OM-Dijon (1-1), La Canebière académie bâcle",2017-04-03,https://horsjeu.net/france/lelite/la-canebiere-academie/om-dijon-1-1-canebiere-academie-bacle/,True,Dijon,1,1,1,1,Nul
"TFC-OM (0-0), La Canebière académie se cherche",2017-04-10,https://horsjeu.net/france/lelite/la-canebiere-academie/tfc-om-0-0-canebiere-academie-se-cherche/,False,TFC,0,0,0,0,Nul
"OM-Guingamp (2-0), La Canebière académie évacue",2017-02-09,https://horsjeu.net/france/lelite/la-canebiere-academie/om-guingamp-2-0-canebiere-academie-evacue/,True,Guingamp,2,0,2,0,Victoire
"Nantes-OM (3-2), La Canebière académie se débande",2017-02-13,https://horsjeu.net/france/lelite/la-canebiere-academie/nantes-om-3-2-canebiere-academie-se-debande/,False,Nantes,3,2,2,3,Défaite
"OM-Rennes (2-0), La Canebière académie emmagasine",2017-02-19,https://horsjeu.net/france/lelite/la-canebiere-academie/om-rennes-2-0-canebiere-academie-emmagasine/,True,Rennes,2,0,2,0,Victoire
"OM-PSG (1-5), La Canebière académie prend la pilule",2017-02-27,https://horsjeu.net/france/lelite/la-canebiere-academie/om-psg-1-5-canebiere-academie-prend-pilule/,True,PSG,1,5,1,5,Défaite
"OM-Monaco (3-4 a.p.), La Canebière académie fête son jour de libération",2017-03-03,https://horsjeu.net/france/lelite/la-canebiere-academie/om-monaco-3-4-a-p-canebiere-academie-fete-jour-de-liberation/,True,Monaco,3,4,3,4,Défaite
"OM-Monaco (1-4), La Canebière académie dérouille (encore)",2017-01-16,https://horsjeu.net/france/lelite/la-canebiere-academie/om-monaco-1-4-canebiere-academie-derouille/,True,Monaco,1,4,1,4,Défaite
"Lyon-OM (3-1), La Canebière académie s’irrite",2017-01-23,https://horsjeu.net/france/lelite/la-canebiere-academie/lyon-om-3-1-canebiere-academie-sirrite/,False,Lyon,3,1,1,3,Défaite
"OM-Montpellier (5-1), La Canebière académie écrabouille",2017-01-29,https://horsjeu.net/france/lelite/la-canebiere-academie/om-montpellier-5-1-canebiere-academie-ecrabouille/,True,Montpellier,5,1,5,1,Victoire
"OM-Lyon (2-1 a.p.), La Canebière académie ne manque pas de sel",2017-02-01,https://horsjeu.net/france/lelite/la-canebiere-academie/om-lyon-2-1-a-p-canebiere-academie-ne-manque-de-sel/,True,Lyon,2,1,2,1,Victoire
"Metz-OM (1-0), La Canebière académie n’évite pas le piège",2017-02-04,https://horsjeu.net/france/lelite/la-canebiere-academie/metz-om-1-0-canebiere-academie-nevite-piege/,False,Metz,1,0,0,1,Défaite
"Dijon-OM (1-2), La Canebière académique émerge",2016-12-11,https://horsjeu.net/france/lelite/la-canebiere-academie/dijon-om-1-2-canebiere-academique-emerge/,False,Dijon,1,2,2,1,Victoire
"Sochaux-OM (1-1, 4-3 tab.), La Canebière académie dérape",2016-12-14,https://horsjeu.net/france/lelite/la-canebiere-academie/sochaux-om-1-1-4-3-tab-canebiere-academie-derape/,False,Sochaux,1,1,1,1,Nul
"OM-Lille (2-0), La Canebière académie regarde vers le haut",2016-12-19,https://horsjeu.net/france/lelite/la-canebiere-academie/om-lille-2-0-canebiere-academique-regarde-vers-haut/,True,Lille,2,0,2,0,Victoire
"Bastia-OM (1-2), La Canebière académie calme",2016-12-22,https://horsjeu.net/france/lelite/la-canebiere-academie/bastia-om-1-2-canebiere-academie-calme/,False,Bastia,1,2,2,1,Victoire
"Toulouse-OM (1-2, a.p.), La Canebière académie repart de l’avant",2017-01-09,https://horsjeu.net/france/lelite/la-canebiere-academie/toulouse-om-1-2-a-p-canebiere-academie-repart-de-lavant/,False,Toulouse,1,2,2,1,Victoire
"Montpellier-OM (3-1), La Canebière académie se perd en route",2016-11-07,https://horsjeu.net/france/lelite/la-canebiere-academie/montpellier-om-3-1-canebiere-academie-se-perd-route/,False,Montpellier,3,1,1,3,Défaite
"OM-Caen (1-0), La Canebière académie s’y met",2016-11-21,https://horsjeu.net/france/lelite/la-canebiere-academie/om-caen-1-0-canebiere-academie-sy-met/,True,Caen,1,0,1,0,Victoire
"Monaco-OM (4-0), La Canebière académie dérouille",2016-11-28,https://horsjeu.net/france/lelite/la-canebiere-academie/monaco-om-4-0-canebiere-academie-derouille/,False,Monaco,4,0,0,4,Défaite
"Saint-Etienne-OM (0-0), La Canebière académie fait briller",2016-12-01,https://horsjeu.net/france/lelite/la-canebiere-academie/saint-etienne-om-0-0-canebiere-academie-briller/,False,Saint-Etienne,0,0,0,0,Nul
"OM-Nancy (3-0), La Canebière académique a braqué",2016-12-05,https://horsjeu.net/france/lelite/la-canebiere-academie/om-nancy-3-0-canebiere-academique-a-braque/,True,Nancy,3,0,3,0,Victoire
"Angers-OM (1-1), La Canebière académie tâche de retirer le positif",2016-10-03,https://horsjeu.net/france/lelite/la-canebiere-academie/angers-om-1-1-canebiere-academie-tache-de-retirer-positif/,False,Angers,1,1,1,1,Nul
"OM-Metz (1-0), La Canebière académie change d’époque",2016-10-18,https://horsjeu.net/france/lelite/la-canebiere-academie/om-metz-1-0-canebiere-academie-change-depoque/,True,Metz,1,0,1,0,Victoire
"PSG-OM (0-0), La Canebière académie stérilise",2016-10-24,https://horsjeu.net/france/lelite/la-canebiere-academie/psg-om-0-0-canebiere-academie-sterilise/,False,PSG,0,0,0,0,Nul
"Clermont-OM (1-2), La Canebière académie n’a presque pas tremblé",2016-10-27,https://horsjeu.net/france/lelite/la-canebiere-academie/clermont-om-1-2-canebiere-academie-na-presque-tremble/,False,Clermont,1,2,2,1,Victoire
"OM-Bordeaux (0-0), La Canebière académie patientera",2016-10-31,https://horsjeu.net/france/lelite/la-canebiere-academie/om-bordeaux-0-0-canebiere-academie-patientera/,True,Bordeaux,0,0,0,0,Nul
"Nice-OM (3-2), La Canebière académie est perplexe",2016-09-12,https://horsjeu.net/france/lelite/la-canebiere-academie/nice-om-3-2-canebiere-academie-perplexe/,False,Nice,3,2,2,3,Défaite
"OM-Lyon (0-0), La Canebière académie fait des calculs",2016-09-19,https://horsjeu.net/france/lelite/la-canebiere-academie/om-lyon-0-0-canebiere-academie-calculs/,True,Lyon,0,0,0,0,Nul
"Rennes-OM (3-2), La Canebière académie s’inquiète de ne pas s’énerver",2016-09-22,https://horsjeu.net/france/lelite/la-canebiere-academie/rennes-om-3-2-canebiere-academie-sinquiete-de-ne-senerver/,False,Rennes,3,2,2,3,Défaite
"OM-Nantes (2-1), La Canebière académie se donne de l’air",2016-09-26,https://horsjeu.net/france/lelite/la-canebiere-academie/om-nantes-2-1-canebiere-academie-se-donne-de-lair/,True,Nantes,2,1,2,1,Victoire
"OM-Toulouse (0-0), La Canebière académie n’attendait pas de miracle",2016-08-15,https://horsjeu.net/france/lelite/la-canebiere-academie/om-toulouse-0-0-canebiere-academie-nattendait-de-miracle/,True,Toulouse,0,0,0,0,Nul
"Guingamp-OM (2-1), La Canebière académie consent un abandon de croyance",2016-08-22,https://horsjeu.net/france/lelite/la-canebiere-academie/guingamp-om-2-1-canebiere-academie-consent-abandon-de-croyance/,False,Guingamp,2,1,1,2,Défaite
"OM-Lorient (2-0), La Canebière académie se libère",2016-08-28,https://horsjeu.net/france/lelite/la-canebiere-academie/om-lorient-2-0-canebiere-academie-se-libere/,True,Lorient,2,0,2,0,Victoire
"OM-Nantes (1-1), La Canebière académie agonise",2016-04-25,https://horsjeu.net/france/lelite/la-canebiere-academie/om-nantes-1-1-canebiere-academie-agonise/,True,Nantes,1,1,1,1,Nul
"Angers-OM (0-1), La Canebière académie se maintient",2016-05-02,https://horsjeu.net/france/lelite/la-canebiere-academie/angers-om-0-1-canebiere-academie-se-maintient/,False,Angers,0,1,1,0,Victoire
"OM-Reims (1-0), La Canebière académie prend son souffle",2016-05-09,https://horsjeu.net/france/lelite/la-canebiere-academie/om-reims-1-0-canebiere-academie-prend-souffle/,True,Reims,1,0,1,0,Victoire
"Troyes-OM (1-1), La Canebière académie ne fait que passer",2016-05-16,https://horsjeu.net/france/lelite/la-canebiere-academie/troyes-om-1-1-canebiere-academie-ne-passer/,False,Troyes,1,1,1,1,Nul
"OM-PSG (2-4), La Canebière académie tire le rideau",2016-05-22,https://horsjeu.net/france/lelite/la-canebiere-academie/om-psg-2-4-canebiere-academie-tire-rideau/,True,PSG,2,4,2,4,Défaite
"OM-Rennes (2-5), La Canebière académie perd pied",2016-03-21,https://horsjeu.net/france/lelite/la-canebiere-academie/om-rennes-2-5-canebiere-academie-perd-pied/,True,Rennes,2,5,2,5,Défaite
"Bastia-OM (2-1), La Canebière académie attend",2016-04-04,https://horsjeu.net/france/lelite/la-canebiere-academie/bastia-om-2-1-canebiere-academie-attend/,False,Bastia,2,1,1,2,Défaite
"OM-Bordeaux (0-0), La Canebière académie fait une fausse queue",2016-04-11,https://horsjeu.net/france/lelite/la-canebiere-academie/om-bordeaux-0-0-canebiere-academie-fausse-queue/,True,Bordeaux,0,0,0,0,Nul
"Monaco-OM (2-1), La Canebière académie n’avait guère d’espoir",2016-04-18,https://horsjeu.net/france/lelite/la-canebiere-academie/monaco-om-2-1-canebiere-academie-navait-guere-despoir/,False,Monaco,2,1,1,2,Défaite
"Sochaux-OM (0-1), La Canebière académie monte à Paris",2016-04-21,https://horsjeu.net/france/lelite/la-canebiere-academie/sochaux-om-0-1-canebiere-academie-monte-a-paris/,False,Sochaux,0,1,1,0,Victoire
"Athletic-OM (1-1), La Canebière académie s’excite et exite",2016-02-26,https://horsjeu.net/france/lelite/la-canebiere-academie/athletic-om-1-1-la-canebiere-academie-sexcite-et-exite/,False,Athletic,1,1,1,1,Nul
"Granville-OM (0-1), La Canebière académie ne note pas",2016-03-04,https://horsjeu.net/france/lelite/la-canebiere-academie/granville-om-0-1-canebiere-academie-ne-note/,False,Granville,0,1,1,0,Victoire
"OM-Toulouse (1-1), La Canebière académie n’est pas étonnée",2016-03-07,https://horsjeu.net/france/lelite/la-canebiere-academie/om-toulouse-1-1-canebiere-academie-nest-etonnee/,True,Toulouse,1,1,1,1,Nul
"Gazéléc-OM (1-1), La Canebière académie est insignifiante",2016-03-10,https://horsjeu.net/france/lelite/la-canebiere-academie/gazelec-om-1-1-canebiere-academie-insignifiante/,False,Gazéléc,1,1,1,1,Nul
"Lorient-OM (1-1), La Canebière académie se répète",2016-03-14,https://horsjeu.net/france/lelite/la-canebiere-academie/lorient-om-1-1-canebiere-academie-se-repete/,False,Lorient,1,1,1,1,Nul
"OM-Saint-Etienne (1-1), La Canebière académie escroque",2016-02-22,https://horsjeu.net/france/lelite/la-canebiere-academie/om-saint-etienne-1-1-la-canebiere-academie-escroque/,True,Saint-Etienne,1,1,1,1,Nul
"Caen-OM (1-3), La Canebière académie se régale",2016-01-18,https://horsjeu.net/france/lelite/la-canebiere-academie/caen-om-1-3-la-canebiere-academie-se-regale/,False,Caen,1,3,3,1,Victoire
"OM-Montpellier (2-0), La Canebière académie passe",2016-01-21,https://horsjeu.net/france/lelite/la-canebiere-academie/om-montpellier-2-0-la-canebiere-academie-passe/,True,Montpellier,2,0,2,0,Victoire
"Lyon-OM (1-1), La Canebière académie regrette",2016-01-25,https://horsjeu.net/france/lelite/la-canebiere-academie/lyon-om-1-1-la-canebiere-academie-regrette/,False,Lyon,1,1,1,1,Nul
"OM-Lille (1-1), La Canebière académie a un peu honte",2016-01-31,https://horsjeu.net/fil-info/om-lille-1-3-la-canebiere-academie-a-un-peu-honte/,True,Lille,1,1,1,1,Nul
"Bourpe-OM (2-3), La Canebière académie passe",2015-12-17,https://horsjeu.net/france/lelite/la-canebiere-academie/bourpe-om-2-3-la-canebiere-academie-passe/,False,Bourpe,2,3,3,2,Victoire
"Bordeaux-OM (1-1), La Canebière académie vivote",2015-12-21,https://horsjeu.net/france/lelite/la-canebiere-academie/bordeaux-om-1-1-la-canebiere-academie-vivote/,False,Bordeaux,1,1,1,1,Nul
"Caen-OM (0-0, 1-3 t.a.b), La Canebière académie s’est battue",2016-01-04,https://horsjeu.net/france/lelite/la-canebiere-academie/caen-om-0-0-1-3-t-a-b-la-canebiere-academie-sest-battue/,False,Caen,0,0,0,0,Nul
"OM-Guingamp (0-0), La Canebière académie se vide",2016-01-11,https://horsjeu.net/france/lelite/la-canebiere-academie/om-guingamp-0-0-la-canebiere-academie-se-vide/,True,Guingamp,0,0,0,0,Nul
"TFC-OM (2-1 a.p), La Canebière académie se battégue touto la nuei",2016-01-14,https://horsjeu.net/france/lelite/la-canebiere-academie/tfc-om-2-1-a-p-la-canebiere-academie-se-battegue-touto-la-nuei/,False,TFC,2,1,1,2,Défaite
"OM-Monaco (3-3), La Canebière académie fait n’importe quoi",2015-12-01,https://horsjeu.net/france/lelite/la-canebiere-academie/om-monaco-3-3-la-canebiere-academie-fait-nimporte-quoi/,True,Monaco,3,3,3,3,Nul
"Rennes-OM (0-1), La Canebière académie s’endort sur la bête",2015-12-04,https://horsjeu.net/france/lelite/la-canebiere-academie/rennes-om-0-1-la-canebiere-academie-sendort-sur-la-bete/,False,Rennes,0,1,1,0,Victoire
"OM-Montpellier (2-2), La Canebière académie patine",2015-12-07,https://horsjeu.net/france/lelite/la-canebiere-academie/om-montpellier-2-2-la-canebiere-academie-patine/,True,Montpellier,2,2,2,2,Nul
"Liberec-OM (2-4), La Canebière académie a failli douter",2015-12-11,https://horsjeu.net/france/lelite/la-canebiere-academie/liberec-om-2-4-la-canebiere-academie-a-failli-douter/,False,Liberec,2,4,4,2,Victoire
"OM-Gazélec (1-1), La Canebière académie sent le gaz",2015-12-14,https://horsjeu.net/fil-info/om-gazelec-1-1-la-canebiere-academie-sent-le-gaz/,True,Gazélec,1,1,1,1,Nul
"Nantes-OM (0-1), La Canebière académie fait l’élibauptère",2015-11-02,https://horsjeu.net/france/lelite/la-canebiere-academie/nantes-om-0-1-la-canebiere-academie-fait-lelibauptere/,False,Nantes,0,1,1,0,Victoire
"OM-Braga (1-0), La Canebière académie rétablit l’ordre",2015-11-06,https://horsjeu.net/france/lelite/la-canebiere-academie/om-braga-1-0-la-canebiere-academie-retablit-lordre/,True,Braga,1,0,1,0,Victoire
"OM-Nice (0-1), La Canebière académie remise à sa place",2015-11-09,https://horsjeu.net/france/lelite/la-canebiere-academie/om-nice-0-1-la-canebiere-academie-remise-a-sa-place/,True,Nice,0,1,0,1,Défaite
"ASSE-OM (0-2), La Canebière académie s’y remet",2015-11-23,https://horsjeu.net/france/lelite/la-canebiere-academie/asse-om-0-2-la-canebiere-academie-sy-remet/,False,ASSE,0,2,2,0,Victoire
"OM-Groningue (2-1), La Canebière académie pense que l’important c’est les trois points",2015-11-27,https://horsjeu.net/france/lelite/la-canebiere-academie/om-groningue-2-1-la-canebiere-academie-pense-que-limportant-cest-les-trois-points/,True,Groningue,2,1,2,1,Victoire
"OM-Liberec (0-1), La Canebière académie se courrouce",2015-10-03,https://horsjeu.net/france/lelite/la-canebiere-academie/om-liberec-0-1-la-canebiere-academie-se-courrouce/,True,Liberec,0,1,0,1,Défaite
"PSG-OM (2-1), La Canebière académie anesthésiée",2015-10-05,https://horsjeu.net/france/lelite/la-canebiere-academie/psg-om-2-1-la-canebiere-academie-anesthesiee/,False,PSG,2,1,1,2,Défaite
"OM-Lorient (1-1), La Canebière académie a le bourdon",2015-10-20,https://horsjeu.net/france/lelite/la-canebiere-academie/om-lorient-1-1-la-canebiere-academie-a-le-bourdon/,True,Lorient,1,1,1,1,Nul
"Braga-OM (3-2), La Canebière académie a des suintements acides",2015-10-23,https://horsjeu.net/france/lelite/la-canebiere-academie/braga-om-3-2-la-canebiere-academie-a-des-suintements-acides/,False,Braga,3,2,2,3,Défaite
"Lille-OM (1-2), La Canebière académie souffle",2015-10-26,https://horsjeu.net/france/lelite/la-canebiere-academie/lille-om-1-2-la-canebiere-academie-souffle/,False,Lille,1,2,2,1,Victoire
"OM-Bastia (4-1), La Canebière académie s’amuse",2015-09-14,https://horsjeu.net/france/lelite/la-canebiere-academie/om-bastia-4-1-la-canebiere-academie-samuse/,True,Bastia,4,1,4,1,Victoire
"Groningue-OM (0-3), La Canebière académie fait le travail",2015-09-18,https://horsjeu.net/france/lelite/la-canebiere-academie/groningue-om-0-3-la-canebiere-academie-fait-le-travail/,False,Groningue,0,3,3,0,Victoire
"OM-Lyon (1-1), La Canebière académie brutalise",2015-09-22,https://horsjeu.net/france/lelite/la-canebiere-academie/om-lyon-1-1-la-canebiere-academie-brutalise/,True,Lyon,1,1,1,1,Nul
"Toulouse-OM (1-1), La Canebière académie est à plat",2015-09-24,https://horsjeu.net/france/lelite/la-canebiere-academie/toulouse-om-1-1-la-canebiere-academie-est-a-plat/,False,Toulouse,1,1,1,1,Nul
"OM-Angers (1-2), La Canebière académie a cassé l’embrayage.",2015-09-28,https://horsjeu.net/france/lelite/la-canebiere-academie/om-angers-1-2-la-canebiere-academie-a-casse-lembrayage/,True,Angers,1,2,1,2,Défaite
"OM-Caen (0-1), La Canebière académie est effondrée",2015-08-10,https://horsjeu.net/france/lelite/la-canebiere-academie/om-caen-0-1-canebiere-academie-effondree/,True,Caen,0,1,0,1,Défaite
"Reims-OM (1-0), La Canebière académie se prépare à en baver",2015-08-17,https://horsjeu.net/france/lelite/la-canebiere-academie/reims-om-1-0-la-canebiere-academie-se-prepare-a-en-baver/,False,Reims,1,0,0,1,Défaite
"OM-Troyes (6-0), La Canebière académie renaît",2015-08-24,https://horsjeu.net/france/lelite/la-canebiere-academie/om-troyes-6-0-la-canebiere-academie-renait/,True,Troyes,6,0,6,0,Victoire
"Guingamp-OM (2-0), La Canebière académie revient sous terre",2015-08-29,https://horsjeu.net/france/lelite/la-canebiere-academie/guingamp-om-2-0-la-canebiere-academie-revient-sous-terre/,False,Guingamp,2,0,0,2,Défaite
OM-Milan AC (1-0) : la Canebière Académie sort le 20 ans d’âge,2013-05-27,https://horsjeu.net/france/lelite/la-canebiere-academie/om-milan-ac-1-0-la-canebiere-academie-sort-le-20-ans-dage/,True,Milan AC,1,0,1,0,Victoire
